{"accuracy": [0.5897431969642639, 0.852407693862915, 0.9091400504112244, 0.9331104755401611, 0.951461672782898, 0.9601109623908997, 0.9689736366271973, 0.9726011753082275, 0.9768262505531311, 0.9801550507545471], "loss": [1.4061402082443237, 0.461953341960907, 0.27860233187675476, 0.20205681025981903, 0.14728927612304688, 0.12159304320812225, 0.09573237597942352, 0.08329873532056808, 0.06980651617050171, 0.06181173771619797], "val_accuracy": [0.839346706867218, 0.9059867858886719, 0.9336444139480591, 0.9453676342964172, 0.9618711471557617, 0.9522535800933838, 0.959936261177063, 0.9663669466972351, 0.9759275913238525, 0.9415547251701355], "val_loss": [0.5108564496040344, 0.2907901108264923, 0.20665496587753296, 0.17046663165092468, 0.11618097126483917, 0.15527060627937317, 0.12893801927566528, 0.10844947397708893, 0.08107096701860428, 0.20953896641731262]}